<?xml version="1.0" encoding="UTF-8"?>
<project-private xmlns="http://www.netbeans.org/ns/project-private/1">
    <editor-bookmarks xmlns="http://www.netbeans.org/ns/editor-bookmarks/2" lastBookmarkId="0"/>
    <open-files xmlns="http://www.netbeans.org/ns/projectui-open-files/2">
        <group>
            <file>file:/Users/mac/NetBeansProjects/KentangMadu/web/postmethod.jsp</file>
            <file>file:/Users/mac/NetBeansProjects/KentangMadu/web/listchecklist.html</file>
            <file>file:/Users/mac/NetBeansProjects/KentangMadu/web/postmethod.html</file>
            <file>file:/Users/mac/NetBeansProjects/KentangMadu/web/index.html</file>
            <file>file:/Users/mac/NetBeansProjects/KentangMadu/web/operator.jsp</file>
            <file>file:/Users/mac/NetBeansProjects/KentangMadu/web/listchecklist.jsp</file>
            <file>file:/Users/mac/NetBeansProjects/KentangMadu/web/koneksitest.jsp</file>
            <file>file:/Users/mac/NetBeansProjects/KentangMadu/web/tb1.html</file>
            <file>file:/Users/mac/NetBeansProjects/KentangMadu/web/register.jsp</file>
            <file>file:/Users/mac/NetBeansProjects/KentangMadu/web/home.jsp</file>
            <file>file:/Users/mac/NetBeansProjects/KentangMadu/web/DataRegister.jsp</file>
            <file>file:/Users/mac/NetBeansProjects/KentangMadu/web/update-user.jsp</file>
            <file>file:/Users/mac/NetBeansProjects/KentangMadu/web/login.jsp</file>
            <file>file:/Users/mac/NetBeansProjects/KentangMadu/web/login-process.jsp</file>
            <file>file:/Users/mac/NetBeansProjects/KentangMadu/web/edit-form.jsp</file>
            <file>file:/Users/mac/NetBeansProjects/KentangMadu/web/logout.jsp</file>
            <file>file:/Users/mac/NetBeansProjects/KentangMadu/web/dashboard.jsp</file>
            <file>file:/Users/mac/NetBeansProjects/KentangMadu/web/edit-profile.jsp</file>
            <file>file:/Users/mac/NetBeansProjects/KentangMadu/web/update-profile.jsp</file>
            <file>file:/Users/mac/NetBeansProjects/KentangMadu/web/product-detail.jsp</file>
            <file>file:/Users/mac/NetBeansProjects/KentangMadu/web/DataBarang.jsp</file>
            <file>file:/Users/mac/NetBeansProjects/KentangMadu/web/tambah-barang.jsp</file>
            <file>file:/Users/mac/NetBeansProjects/KentangMadu/web/edit-barang.jsp</file>
            <file>file:/Users/mac/NetBeansProjects/KentangMadu/nbproject/build-impl.xml</file>
            <file>file:/Users/mac/NetBeansProjects/KentangMadu/src/java/servlet/ProsesTambahBarang.java</file>
            <file>file:/Users/mac/NetBeansProjects/KentangMadu/web/WEB-INF/web.xml</file>
            <file>file:/Users/mac/NetBeansProjects/KentangMadu/src/java/servlet/ProsesEditBarang.java</file>
            <file>file:/Users/mac/NetBeansProjects/KentangMadu/src/java/servlet/DeleteBarang.java</file>
            <file>file:/Users/mac/NetBeansProjects/KentangMadu/src/java/servlet/AddToCart.java</file>
            <file>file:/Users/mac/NetBeansProjects/KentangMadu/web/cart.jsp</file>
            <file>file:/Users/mac/NetBeansProjects/KentangMadu/web/checkout.jsp</file>
            <file>file:/Users/mac/NetBeansProjects/KentangMadu/web/DataPesanan.jsp</file>
            <file>file:/Users/mac/NetBeansProjects/KentangMadu/web/DetailPesanan.jsp</file>
            <file>file:/Users/mac/NetBeansProjects/KentangMadu/web/process-order.jsp</file>
            <file>file:/Users/mac/NetBeansProjects/KentangMadu/src/java/controller/GoogleLoginServlet.java</file>
            <file>file:/Users/mac/NetBeansProjects/KentangMadu/web/KonfirmasiPesanan.jsp</file>
            <file>file:/Users/mac/NetBeansProjects/KentangMadu/web/pesanan-user.jsp</file>
            <file>file:/Users/mac/NetBeansProjects/KentangMadu/web/images/dos-gdsc_orientation_logo_121222122438.png</file>
            <file>file:/Users/mac/NetBeansProjects/KentangMadu/web/images/Milk-Protein-Panel.jpg</file>
        </group>
    </open-files>
</project-private>
